ID,Date,Holiday,NEM,AFMA_NSW,AFMA_VIC,AFMA_SA,AFMA_QLD,AFMA_TAS,ASX_NSW,ASX_VIC,ASX_SA,ASX_QLD,Official_NSW,Official_VIC,Official_QLD,Official_TAS,Official_SA,Official_ACT,Official_WA,Official_NT
1,2002-01-01,New Year's Day                ,true,true,true,true,true,true,false,false,false,false,true,true,true,true,true,true,true,true
2,2002-01-28,Australia Day                 ,true,true,true,true,true,true,false,false,false,false,true,true,true,true,true,true,true,true
3,2002-02-11,Royal Hobart Regatta          ,false,false,false,false,false,true,false,false,false,false,false,false,false,true,false,false,false,false
4,2002-03-11,Eight Hours Day               ,false,false,false,false,false,true,false,false,false,false,false,false,false,true,false,false,false,false
5,2002-03-11,Labour Day                    ,false,false,true,false,false,false,false,false,false,false,false,true,false,false,false,false,false,false
6,2002-03-29,Good Friday                   ,true,true,true,true,true,true,false,false,false,false,true,true,true,true,true,true,true,true
7,2002-04-01,Easter Monday                 ,true,true,true,true,true,true,false,false,false,false,true,true,true,true,true,true,true,true
8,2002-04-25,ANZAC Day                     ,true,true,true,true,true,true,false,false,false,false,true,true,true,true,true,true,true,true
9,2002-05-06,Labour Day                    ,false,false,false,false,true,false,false,false,false,false,false,false,true,false,false,false,false,false
10,2002-05-20,Adelaide Cup Day              ,false,false,false,true,false,false,false,false,false,false,false,false,false,false,true,false,false,false
11,2002-06-10,Queen's Birthday              ,true,true,true,true,true,true,false,false,false,false,true,true,true,true,true,true,true,true
12,2002-08-14,Royal Queensland Show Day     ,false,false,false,false,true,false,false,false,false,true,false,false,true,false,false,false,false,false
13,2002-10-07,Labour Day                    ,false,true,false,true,false,false,true,false,true,false,true,false,false,false,true,false,false,false
14,2002-10-24,Royal Hobart Show             ,false,false,false,false,false,true,false,false,false,false,false,false,false,true,false,false,false,false
15,2002-11-05,Melbourne Cup Day             ,false,false,true,false,false,false,false,true,false,false,false,true,false,false,false,false,false,false
16,2002-12-25,Christmas Day                 ,true,true,true,true,true,true,true,true,true,true,true,true,true,true,true,true,true,true
17,2002-12-26,Boxing Day / Proclamation Day ,true,true,true,true,true,true,true,true,true,true,true,true,true,true,true,true,true,true
18,2003-01-01,New Year's Day                ,true,true,true,true,true,true,true,true,true,true,true,true,true,true,true,true,true,true
19,2003-01-27,Australia Day                 ,true,true,true,true,true,true,true,true,true,true,true,true,true,true,true,true,true,true
20,2003-02-10,Royal Hobart Regatta          ,false,false,false,false,false,true,false,false,false,false,false,false,false,true,false,false,false,false
21,2003-03-10,Eight Hours Day               ,false,false,false,false,false,true,false,false,false,false,false,false,false,true,false,false,false,false
22,2003-03-10,Labour Day                    ,false,false,true,false,false,false,false,true,false,false,false,true,false,false,false,false,false,false
23,2003-04-18,Good Friday                   ,true,true,true,true,true,true,true,true,true,true,true,true,true,true,true,true,true,true
24,2003-04-21,Easter Monday                 ,true,true,true,true,true,true,true,true,true,true,true,true,true,true,true,true,true,true
25,2003-04-25,ANZAC Day                     ,true,true,true,true,true,true,true,true,true,true,true,true,true,true,true,true,true,true
26,2003-05-05,Labour Day                    ,false,false,false,false,true,false,false,false,false,true,false,false,true,false,false,false,false,false
27,2003-05-19,Adelaide Cup Day              ,false,false,false,true,false,false,false,false,true,false,false,false,false,false,true,false,false,false
28,2003-06-09,Queen's Birthday              ,true,true,true,true,true,true,true,true,true,true,true,true,true,true,true,true,true,true
29,2003-08-13,Royal Queensland Show Day     ,false,false,false,false,true,false,false,false,false,true,false,false,true,false,false,false,false,false
30,2003-10-06,Labour Day                    ,false,true,false,true,false,false,true,false,true,false,true,false,false,false,true,false,false,false
31,2003-10-23,Royal Hobart Show             ,false,false,false,false,false,true,false,false,false,false,false,false,false,true,false,false,false,false
32,2003-11-04,Melbourne Cup Day             ,false,false,true,false,false,false,false,true,false,false,false,true,false,false,false,false,false,false
33,2003-12-25,Christmas Day                 ,true,true,true,true,true,true,true,true,true,true,true,true,true,true,true,true,true,true
34,2003-12-26,Boxing Day / Proclamation Day ,true,true,true,true,true,true,true,true,true,true,true,true,true,true,true,true,true,true
35,2004-01-01,New Year's Day                ,true,true,true,true,true,true,true,true,true,true,true,true,true,true,true,true,true,true
36,2004-01-26,Australia Day                 ,true,true,true,true,true,true,true,true,true,true,true,true,true,true,true,true,true,true
37,2004-02-09,Royal Hobart Regatta          ,false,false,false,false,false,true,false,false,false,false,false,false,false,true,false,false,false,false
38,2004-03-08,Eight Hours Day               ,false,false,false,false,false,true,false,false,false,false,false,false,false,true,false,false,false,false
39,2004-03-08,Labour Day                    ,false,false,true,false,false,false,false,true,false,false,false,true,false,false,false,false,false,false
40,2004-04-09,Good Friday                   ,true,true,true,true,true,true,true,true,true,true,true,true,true,true,true,true,true,true
41,2004-04-12,Easter Monday                 ,true,true,true,true,true,true,true,true,true,true,true,true,true,true,true,true,true,true
42,2004-04-26,ANZAC Day                     ,false,true,false,true,true,false,true,false,true,true,true,false,true,false,true,false,false,false
43,2004-05-03,Labour Day                    ,false,false,false,false,true,false,false,false,false,true,false,false,true,false,false,false,false,false
44,2004-05-17,Adelaide Cup Day              ,false,false,false,true,false,false,false,false,true,false,false,false,false,false,true,false,false,false
45,2004-06-14,Queen's Birthday              ,true,true,true,true,true,true,true,true,true,true,true,true,true,true,true,true,true,true
46,2004-08-11,Royal Queensland Show Day     ,false,false,false,false,true,false,false,false,false,true,false,false,true,false,false,false,false,false
47,2004-10-04,Labour Day                    ,false,true,false,true,false,false,true,false,true,false,true,false,false,false,true,false,false,false
48,2004-10-21,Royal Hobart Show             ,false,false,false,false,false,true,false,false,false,false,false,false,false,true,false,false,false,false
49,2004-11-02,Melbourne Cup Day             ,false,false,true,false,false,false,false,true,false,false,false,true,false,false,false,false,false,false
50,2004-12-27,Christmas Day                 ,true,true,true,true,true,true,true,true,true,true,true,true,true,true,true,true,true,true
51,2004-12-28,Boxing Day / Proclamation Day ,true,true,true,true,true,true,false,false,true,true,true,true,true,true,true,true,true,true
52,2005-01-03,New Year's Day                ,true,true,true,true,true,true,true,true,true,true,true,true,true,true,true,true,true,true
53,2005-01-26,Australia Day                 ,true,true,true,true,true,true,true,true,true,true,true,true,true,true,true,true,true,true
54,2005-02-14,Royal Hobart Regatta          ,false,false,false,false,false,true,false,false,false,false,false,false,false,true,false,false,false,false
55,2005-03-14,Eight Hours Day               ,false,false,false,false,false,true,false,false,false,false,false,false,false,true,false,false,false,false
56,2005-03-14,Labour Day                    ,false,false,true,false,false,false,false,true,false,false,false,true,false,false,false,false,false,false
57,2005-03-25,Good Friday                   ,true,true,true,true,true,true,true,true,true,true,true,true,true,true,true,true,true,true
58,2005-03-28,Easter Monday                 ,true,true,true,true,true,true,true,true,true,true,true,true,true,true,true,true,true,true
59,2005-04-25,ANZAC Day                     ,true,true,true,true,true,true,true,true,true,true,true,true,true,true,true,true,true,true
60,2005-05-02,Labour Day                    ,false,false,false,false,true,false,false,false,false,true,false,false,true,false,false,false,false,false
61,2005-05-16,Adelaide Cup Day              ,false,false,false,true,false,false,false,false,true,false,false,false,false,false,true,false,false,false
62,2005-06-13,Queen's Birthday              ,true,true,true,true,true,true,true,true,true,true,true,true,true,true,true,true,true,true
63,2005-08-17,Royal Queensland Show Day     ,false,false,false,false,true,false,false,false,false,true,false,false,true,false,false,false,false,false
64,2005-10-03,Labour Day                    ,false,true,false,true,false,false,true,false,true,false,true,false,false,false,true,false,false,false
65,2005-10-20,Royal Hobart Show             ,false,false,false,false,false,true,false,false,false,false,false,false,false,true,false,false,false,false
66,2005-11-01,Melbourne Cup Day             ,false,false,true,false,false,false,false,true,false,false,false,true,false,false,false,false,false,false
67,2005-12-26,Christmas Day                 ,true,true,true,true,true,true,true,false,true,true,true,true,true,true,true,true,true,true
68,2005-12-27,Boxing Day / Proclamation Day ,true,true,true,true,true,true,true,true,true,true,true,true,true,true,true,true,true,true
69,2006-01-02,New Year's Day                ,true,true,true,true,true,true,true,true,true,true,true,true,true,true,true,true,true,true
70,2006-01-26,Australia Day                 ,true,true,true,true,true,true,true,true,true,true,true,true,true,true,true,true,true,true
71,2006-02-13,Royal Hobart Regatta          ,false,false,false,false,false,true,false,false,false,false,false,false,false,true,false,false,false,false
72,2006-03-13,Eight Hours Day               ,false,false,false,false,false,true,false,false,false,false,false,false,false,true,false,false,false,false
73,2006-03-13,Adelaide Cup Day              ,false,false,false,true,false,false,false,false,false,false,false,false,false,false,true,false,false,false
74,2006-03-13,Labour Day                    ,false,false,true,false,false,false,false,true,false,false,false,true,false,false,false,false,false,false
75,2006-04-14,Good Friday                   ,true,true,true,true,true,true,true,true,true,true,true,true,true,true,true,true,true,true
76,2006-04-17,Easter Monday                 ,true,true,true,true,true,true,true,true,true,true,true,true,true,true,true,true,true,true
77,2006-04-25,ANZAC Day                     ,true,true,true,true,true,true,true,true,true,true,true,true,true,true,true,true,true,true
78,2006-05-01,Labour Day                    ,false,false,false,false,true,false,false,false,false,true,false,false,true,false,false,false,false,false
79,2006-05-15,Adelaide Cup Day              ,false,false,false,false,false,false,false,false,true,false,false,false,false,false,false,false,false,false
80,2006-06-12,Queen's Birthday              ,true,true,true,true,true,true,true,true,true,true,true,true,true,true,true,true,true,true
81,2006-08-16,Royal Queensland Show Day     ,false,false,false,false,true,false,false,false,false,true,false,false,true,false,false,false,false,false
82,2006-10-02,Labour Day                    ,false,true,false,true,false,false,true,false,true,false,true,false,false,false,true,false,false,false
83,2006-10-26,Royal Hobart Show             ,false,false,false,false,false,true,false,false,false,false,false,false,false,true,false,false,false,false
84,2006-11-07,Melbourne Cup Day             ,false,false,true,false,false,false,false,true,false,false,false,true,false,false,false,false,false,false
85,2006-12-25,Christmas Day                 ,true,true,true,true,true,true,true,true,true,true,true,true,true,true,true,true,true,true
86,2006-12-26,Boxing Day / Proclamation Day ,true,true,true,true,true,true,true,true,true,true,true,true,true,true,true,true,true,true
87,2007-01-01,New Year's Day                ,true,true,true,true,true,true,true,true,true,true,true,true,true,true,true,true,true,true
88,2007-01-26,Australia Day                 ,true,true,true,true,true,true,true,true,true,true,true,true,true,true,true,true,true,true
89,2007-02-12,Royal Hobart Regatta          ,false,false,false,false,false,true,false,false,false,false,false,false,false,true,false,false,false,false
90,2007-03-12,Eight Hours Day               ,false,false,false,false,false,true,false,false,false,false,false,false,false,true,false,false,false,false
91,2007-03-12,Adelaide Cup Day              ,false,false,false,true,false,false,false,false,false,false,false,false,false,false,true,false,false,false
92,2007-03-12,Labour Day                    ,false,false,true,false,false,false,false,true,false,false,false,true,false,false,false,false,false,false
93,2007-04-06,Good Friday                   ,true,true,true,true,true,true,true,true,true,true,true,true,true,true,true,true,true,true
94,2007-04-09,Easter Monday                 ,true,true,true,true,true,true,true,true,true,true,true,true,true,true,true,true,true,true
95,2007-04-25,ANZAC Day                     ,true,true,true,true,true,true,true,true,true,true,true,true,true,true,true,true,true,true
96,2007-05-07,Labour Day                    ,false,false,false,false,true,false,false,false,false,true,false,false,true,false,false,false,false,false
97,2007-05-21,Adelaide Cup Day              ,false,false,false,false,false,false,false,false,true,false,false,false,false,false,false,false,false,false
98,2007-06-11,Queen's Birthday              ,true,true,true,true,true,true,true,true,true,true,true,true,true,true,true,true,true,true
99,2007-08-15,Royal Queensland Show Day     ,false,false,false,false,true,false,false,false,false,true,false,false,true,false,false,false,false,false
100,2007-09-07,APEC Holiday                  ,false,true,false,false,false,false,false,false,false,false,true,false,false,false,false,false,false,false
101,2007-10-01,Labour Day                    ,false,true,false,true,false,false,true,false,true,false,true,false,false,false,true,false,false,false
102,2007-10-25,Royal Hobart Show             ,false,false,false,false,false,true,false,false,false,false,false,false,false,true,false,false,false,false
103,2007-11-06,Melbourne Cup Day             ,false,false,true,false,false,false,false,true,false,false,false,true,false,false,false,false,false,false
104,2007-12-25,Christmas Day                 ,true,true,true,true,true,true,true,true,true,true,true,true,true,true,true,true,true,true
105,2007-12-26,Boxing Day / Proclamation Day ,true,true,true,true,true,true,true,true,true,true,true,true,true,true,true,true,true,true
106,2008-01-01,New Year's Day                ,true,true,true,true,true,true,true,true,true,true,true,true,true,true,true,true,true,true
107,2008-01-28,Australia Day                 ,true,true,true,true,true,true,true,true,true,true,true,true,true,true,true,true,true,true
108,2008-02-11,Royal Hobart Regatta          ,false,false,false,false,false,true,false,false,false,false,false,false,false,true,false,false,false,false
109,2008-03-10,Eight Hours Day               ,false,false,false,false,false,true,false,false,false,false,false,false,false,true,false,false,false,false
110,2008-03-10,Adelaide Cup Day              ,false,false,false,true,false,false,false,false,false,false,false,false,false,false,true,false,false,false
111,2008-03-10,Labour Day                    ,false,false,true,false,false,false,false,true,false,false,false,true,false,false,false,false,false,false
112,2008-03-21,Good Friday                   ,true,true,true,true,true,true,true,true,true,true,true,true,true,true,true,true,true,true
113,2008-03-24,Easter Monday                 ,true,true,true,true,true,true,true,true,true,true,true,true,true,true,true,true,true,true
114,2008-04-25,ANZAC Day                     ,true,true,true,true,true,true,true,true,true,true,true,true,true,true,true,true,true,true
115,2008-05-05,Labour Day                    ,false,false,false,false,true,false,false,false,false,true,false,false,true,false,false,false,false,false
116,2008-05-19,Adelaide Cup Day              ,false,false,false,false,false,false,false,false,true,false,false,false,false,false,false,false,false,false
117,2008-06-09,Queen's Birthday              ,true,true,true,true,true,true,true,true,true,true,true,true,true,true,true,true,true,true
118,2008-08-13,Royal Queensland Show Day     ,false,false,false,false,true,false,false,false,false,true,false,false,true,false,false,false,false,false
119,2008-10-06,Labour Day                    ,false,true,false,true,false,false,true,false,true,false,true,false,false,false,true,false,false,false
120,2008-10-23,Royal Hobart Show             ,false,false,false,false,false,true,false,false,false,false,false,false,false,true,false,false,false,false
121,2008-11-04,Melbourne Cup Day             ,false,false,true,false,false,false,false,true,false,false,false,true,false,false,false,false,false,false
122,2008-12-25,Christmas Day                 ,true,true,true,true,true,true,true,true,true,true,true,true,true,true,true,true,true,true
123,2008-12-26,Boxing Day / Proclamation Day ,true,true,true,true,true,true,true,true,true,true,true,true,true,true,true,true,true,true
124,2009-01-01,New Year's Day                ,true,true,true,true,true,true,true,true,true,true,true,true,true,true,true,true,true,true
125,2009-01-26,Australia Day                 ,true,true,true,true,true,true,true,true,true,true,true,true,true,true,true,true,true,true
126,2009-02-09,Royal Hobart Regatta          ,false,false,false,false,false,true,false,false,false,false,false,false,false,true,false,false,false,false
127,2009-03-09,Eight Hours Day               ,false,false,false,false,false,true,false,false,false,false,false,false,false,true,false,false,false,false
128,2009-03-09,Adelaide Cup Day              ,false,false,false,true,false,false,false,false,false,false,false,false,false,false,true,false,false,false
129,2009-03-09,Labour Day                    ,false,false,true,false,false,false,false,true,false,false,false,true,false,false,false,false,false,false
130,2009-04-10,Good Friday                   ,true,true,true,true,true,true,true,true,true,true,true,true,true,true,true,true,true,true
131,2009-04-13,Easter Monday                 ,true,true,true,true,true,true,true,true,true,true,true,true,true,true,true,true,true,true
132,2009-04-25,ANZAC Day                     ,true,true,true,true,true,true,true,true,true,true,true,true,true,true,true,true,true,true
133,2009-05-04,Labour Day                    ,false,false,false,false,true,false,false,false,false,true,false,false,true,false,false,false,false,false
134,2009-05-18,Adelaide Cup Day              ,false,false,false,false,false,false,false,false,true,false,false,false,false,false,false,false,false,false
135,2009-06-08,Queen's Birthday              ,true,true,true,true,true,true,true,true,true,true,true,true,true,true,true,true,true,true
136,2009-08-12,Royal Queensland Show Day     ,false,false,false,false,true,false,false,false,false,true,false,false,true,false,false,false,false,false
137,2009-10-05,Labour Day                    ,false,true,false,true,false,false,true,false,true,false,true,false,false,false,true,false,false,false
138,2009-10-22,Royal Hobart Show             ,false,false,false,false,false,true,false,false,false,false,false,false,false,true,false,false,false,false
139,2009-11-03,Melbourne Cup Day             ,false,false,true,false,false,false,false,true,false,false,false,true,false,false,false,false,false,false
140,2009-12-25,Christmas Day                 ,true,true,true,true,true,true,true,true,true,true,true,true,true,true,true,true,true,true
141,2009-12-28,Boxing Day / Proclamation Day ,true,true,true,true,true,true,true,true,true,true,true,true,true,true,true,true,true,true
142,2010-01-01,New Year's Day                ,true,true,true,true,true,true,true,true,true,true,true,true,true,true,true,true,true,true
143,2010-01-26,Australia Day                 ,true,true,true,true,true,true,true,true,true,true,true,true,true,true,true,true,true,true
144,2010-02-08,Royal Hobart Regatta          ,false,false,false,false,false,true,false,false,false,false,false,false,false,true,false,false,false,false
145,2010-03-08,Eight Hours Day               ,false,false,false,false,false,true,false,false,false,false,false,false,false,true,false,false,false,false
146,2010-03-08,Adelaide Cup Day              ,false,false,false,true,false,false,false,false,false,false,false,false,false,false,true,false,false,false
147,2010-03-08,Labour Day                    ,false,false,true,false,false,false,false,true,false,false,false,true,false,false,false,false,false,false
148,2010-04-02,Good Friday                   ,true,true,true,true,true,true,true,true,true,true,true,true,true,true,true,true,true,true
149,2010-04-05,Easter Monday                 ,true,true,true,true,true,true,true,true,true,true,true,true,true,true,true,true,true,true
150,2010-04-26,ANZAC Day                     ,true,true,true,true,true,true,true,false,true,true,true,true,true,true,true,true,true,true
151,2010-05-03,Labour Day                    ,false,false,false,false,true,false,false,false,false,true,false,false,true,false,false,false,false,false
152,2010-05-17,Adelaide Cup Day              ,false,false,false,false,false,false,false,false,true,false,false,false,false,false,false,false,false,false
153,2010-06-14,Queen's Birthday              ,true,true,true,true,true,true,true,true,true,true,true,true,true,true,true,true,true,true
154,2010-08-11,Royal Queensland Show Day     ,false,false,false,false,true,false,false,false,false,true,false,false,true,false,false,false,false,false
155,2010-10-04,Labour Day                    ,false,true,false,true,false,false,true,false,true,false,true,false,false,false,true,false,false,false
156,2010-10-21,Royal Hobart Show             ,false,false,false,false,false,true,false,false,false,false,false,false,false,true,false,false,false,false
157,2010-11-02,Melbourne Cup Day             ,false,false,true,false,false,false,false,true,false,false,false,true,false,false,false,false,false,false
158,2010-12-27,Christmas Day                 ,true,true,true,true,true,true,true,true,true,true,true,true,true,true,true,true,true,true
159,2010-12-28,Boxing Day / Proclamation Day ,true,true,true,true,true,true,true,true,true,true,true,true,true,true,true,true,true,true
160,2011-01-03,New Year's Day                ,true,true,true,true,true,true,true,true,true,true,true,true,true,true,true,true,true,true
161,2011-01-26,Australia Day                 ,true,true,true,true,true,true,true,true,true,true,true,true,true,true,true,true,true,true
162,2011-02-14,Royal Hobart Regatta          ,false,false,false,false,false,true,false,false,false,false,false,false,false,true,false,false,false,false
163,2011-03-14,Eight Hours Day               ,false,false,false,false,false,true,false,false,false,false,false,false,false,true,false,false,false,false
164,2011-03-14,Adelaide Cup Day              ,false,false,false,true,false,false,false,false,true,false,false,false,false,false,true,false,false,false
165,2011-03-14,Labour Day                    ,false,false,true,false,false,false,false,true,false,false,false,true,false,false,false,false,false,false
166,2011-04-22,Good Friday                   ,true,true,true,true,true,true,true,true,true,true,true,true,true,true,true,true,true,true
167,2011-04-25,Easter Monday                 ,true,true,true,true,true,true,true,true,true,true,true,true,true,true,true,true,true,true
168,2011-04-26,ANZAC Day                     ,true,true,true,true,true,true,true,true,true,true,true,true,true,true,true,true,true,true
169,2011-05-02,Labour Day                    ,false,false,false,false,true,false,false,false,false,true,false,false,true,false,false,false,false,false
170,2011-06-13,Queen's Birthday              ,true,true,true,true,true,true,true,true,true,true,true,true,true,true,true,true,true,true
171,2011-08-17,Royal Queensland Show Day     ,false,false,false,false,true,false,false,false,false,true,false,false,true,false,false,false,false,false
172,2011-10-03,Labour Day                    ,false,true,false,true,false,false,true,false,true,false,true,false,false,false,true,false,false,false
173,2011-10-20,Royal Hobart Show             ,false,false,false,false,false,true,false,false,false,false,false,false,false,true,false,false,false,false
174,2011-11-01,Melbourne Cup Day             ,false,false,true,false,false,false,false,true,false,false,false,true,false,false,false,false,false,false
175,2011-12-26,Christmas Day                 ,true,true,true,true,true,true,true,true,true,true,true,true,true,true,true,true,true,true
176,2011-12-27,Boxing Day / Proclamation Day ,true,true,true,true,true,true,true,true,true,true,true,true,true,true,true,true,true,true
177,2012-01-02,New Year's Day                ,true,true,true,true,true,true,true,true,true,true,true,true,true,true,true,true,true,true
178,2012-01-26,Australia Day                 ,true,true,true,true,true,true,true,true,true,true,true,true,true,true,true,true,true,true
179,2012-02-13,Royal Hobart Regatta          ,false,false,false,false,false,true,false,false,false,false,false,false,false,true,false,false,false,false
180,2012-03-12,Eight Hours Day               ,false,false,false,false,false,true,false,false,false,false,false,false,false,true,false,false,false,false
181,2012-03-12,Adelaide Cup Day              ,false,false,false,true,false,false,false,false,true,false,false,false,false,false,true,false,false,false
182,2012-03-12,Labour Day                    ,false,false,true,false,false,false,false,true,false,false,false,true,false,false,false,false,false,false
183,2012-04-06,Good Friday                   ,true,true,true,true,true,true,true,true,true,true,true,true,true,true,true,true,true,true
184,2012-04-09,Easter Monday                 ,true,true,true,true,true,true,true,true,true,true,true,true,true,true,true,true,true,true
185,2012-04-25,ANZAC Day                     ,true,true,true,true,true,true,true,true,true,true,true,true,true,true,true,true,true,true
186,2012-05-07,Labour Day                    ,false,false,false,false,true,false,false,false,false,true,false,false,true,false,false,false,false,false
187,2012-06-11,Queen's Birthday              ,true,true,true,true,true,true,true,true,true,true,true,true,true,true,true,true,true,true
188,2012-08-15,Royal Queensland Show Day     ,false,false,false,false,true,false,false,false,false,true,false,false,true,false,false,false,false,false
189,2012-10-01,Queenâ€™s Diamond Jubilee       ,false,false,false,false,true,false,false,false,false,false,false,false,true,false,false,false,false,false
190,2012-10-01,Labour Day                    ,false,true,false,true,false,false,true,false,true,false,true,false,false,false,true,false,false,false
191,2012-10-25,Royal Hobart Show             ,false,false,false,false,false,true,false,false,false,false,false,false,false,true,false,false,false,false
192,2012-11-06,Melbourne Cup Day             ,false,false,true,false,false,false,false,true,false,false,false,true,false,false,false,false,false,false
193,2012-12-25,Christmas Day                 ,true,true,true,true,true,true,true,true,true,true,true,true,true,true,true,true,true,true
194,2012-12-26,Boxing Day / Proclamation Day ,true,true,true,true,true,true,true,true,true,true,true,true,true,true,true,true,true,true
195,2013-01-01,New Year's Day                ,true,true,true,true,true,true,true,true,true,true,true,true,true,true,true,true,true,true
196,2013-01-28,Australia Day                 ,true,true,true,true,true,true,true,true,true,true,true,true,true,true,true,true,true,true
197,2013-02-11,Royal Hobart Regatta          ,false,false,false,false,false,true,false,false,false,false,false,false,false,true,false,false,false,false
198,2013-03-11,Eight Hours Day               ,false,false,false,false,false,true,false,false,false,false,false,false,false,true,false,false,false,false
199,2013-03-11,Adelaide Cup Day              ,false,false,false,true,false,false,false,false,true,false,false,false,false,false,true,false,false,false
200,2013-03-11,Labour Day                    ,false,false,true,false,false,false,false,true,false,false,false,true,false,false,false,false,false,false
201,2013-03-29,Good Friday                   ,true,true,true,true,true,true,true,true,true,true,true,true,true,true,true,true,true,true
202,2013-04-01,Easter Monday                 ,true,true,true,true,true,true,true,true,true,true,true,true,true,true,true,true,true,true
203,2013-04-25,ANZAC Day                     ,true,true,true,true,true,true,true,true,true,true,true,true,true,true,true,true,true,true
204,2013-05-06,Labour Day                    ,false,false,false,false,false,false,false,false,false,true,false,false,false,false,false,false,false,false
205,2013-06-10,Queen's Birthday              ,true,true,true,true,true,true,true,true,true,true,true,true,true,true,true,true,true,true
206,2013-08-14,Royal Queensland Show Day     ,false,false,false,false,true,false,false,false,false,true,false,false,true,false,false,false,false,false
207,2013-10-07,Labour Day                    ,false,true,false,true,true,false,true,false,true,false,true,false,true,false,true,false,false,false
208,2013-10-24,Royal Hobart Show             ,false,false,false,false,false,true,false,false,false,false,false,false,false,true,false,false,false,false
209,2013-11-05,Melbourne Cup Day             ,false,false,true,false,false,false,false,true,false,false,false,true,false,false,false,false,false,false
210,2013-12-25,Christmas Day                 ,true,true,true,true,true,true,true,true,true,true,true,true,true,true,true,true,true,true
211,2013-12-26,Boxing Day / Proclamation Day ,true,true,true,true,true,true,true,true,true,true,true,true,true,true,true,true,true,true
212,2014-01-01,New Year's Day                ,true,true,true,true,true,true,true,true,true,true,true,true,true,true,true,true,true,true
213,2014-01-27,Australia Day                 ,true,true,true,true,true,true,true,true,true,true,true,true,true,true,true,true,true,true
214,2014-02-10,Royal Hobart Regatta          ,false,false,false,false,false,true,false,false,false,false,false,false,false,true,false,false,false,false
215,2014-03-10,Eight Hours Day               ,false,false,false,false,false,true,false,false,false,false,false,false,false,true,false,false,false,false
216,2014-03-10,Adelaide Cup Day              ,false,false,false,true,false,false,false,false,true,false,false,false,false,false,true,false,false,false
217,2014-03-10,Labour Day                    ,false,false,true,false,false,false,false,true,false,false,false,true,false,false,false,false,false,false
218,2014-04-18,Good Friday                   ,true,true,true,true,true,true,true,true,true,true,true,true,true,true,true,true,true,true
219,2014-04-21,Easter Monday                 ,true,true,true,true,true,true,true,true,true,true,true,true,true,true,true,true,true,true
220,2014-04-25,ANZAC Day                     ,true,true,true,true,true,true,true,true,true,true,true,true,true,true,true,true,true,true
221,2014-05-05,Labour Day                    ,false,false,false,false,false,false,false,false,false,true,false,false,false,false,false,false,false,false
222,2014-06-09,Queen's Birthday              ,true,true,true,true,true,true,true,true,true,true,true,true,true,true,true,true,true,true
223,2014-08-13,Royal Queensland Show Day     ,false,false,false,false,true,false,false,false,false,true,false,false,true,false,false,false,false,false
224,2014-10-06,Labour Day                    ,false,true,false,true,true,false,true,false,true,false,true,false,true,false,true,false,false,false
225,2014-10-23,Royal Hobart Show             ,false,false,false,false,false,true,false,false,false,false,false,false,false,true,false,false,false,false
226,2014-11-04,Melbourne Cup Day             ,false,false,true,false,false,false,false,true,false,false,false,true,false,false,false,false,false,false
227,2014-11-14,G20 Summit Holiday            ,false,false,false,false,true,false,false,false,false,false,false,false,true,false,false,false,false,false
228,2014-12-25,Christmas Day                 ,true,true,true,true,true,true,true,true,true,true,true,true,true,true,true,true,true,true
229,2014-12-26,Boxing Day / Proclamation Day ,true,true,true,true,true,true,true,true,true,true,true,true,true,true,true,true,true,true
230,2015-01-01,New Year's Day                ,true,true,true,true,true,true,true,true,true,true,true,true,true,true,true,true,true,true
231,2015-01-26,Australia Day                 ,true,true,true,true,true,true,true,true,true,true,true,true,true,true,true,true,true,true
232,2015-02-09,Royal Hobart Regatta          ,false,false,false,false,false,true,false,false,false,false,false,false,false,true,false,false,false,false
233,2015-03-09,Eight Hours Day               ,false,false,false,false,false,true,false,false,false,false,false,false,false,true,false,false,false,false
234,2015-03-09,Adelaide Cup Day              ,false,false,false,true,false,false,false,false,true,false,false,false,false,false,true,false,false,false
235,2015-03-09,Labour Day                    ,false,false,true,false,false,false,false,true,false,false,false,true,false,false,false,false,false,false
236,2015-04-03,Good Friday                   ,true,true,true,true,true,true,true,true,true,true,true,true,true,true,true,true,true,true
237,2015-04-06,Easter Monday                 ,true,true,true,true,true,true,true,true,true,true,true,true,true,true,true,true,true,true
238,2015-04-25,ANZAC Day                     ,true,true,true,true,true,true,true,true,true,true,true,true,true,true,true,true,true,true
239,2015-05-04,Labour Day                    ,false,false,false,false,false,false,false,false,false,true,false,false,false,false,false,false,false,false
240,2015-06-08,Queen's Birthday              ,true,true,true,true,true,true,true,true,true,true,true,true,true,true,true,true,true,true
241,2015-08-12,Royal Queensland Show Day     ,false,false,false,false,true,false,false,false,false,true,false,false,true,false,false,false,false,false
296,2015-10-02,Grand Final Day Eve           ,false,false,true,false,false,false,false,false,false,false,false,true,false,false,false,false,false,false
242,2015-10-05,Labour Day                    ,false,true,false,true,true,false,true,false,true,false,true,false,true,false,true,false,false,false
243,2015-10-22,Royal Hobart Show             ,false,false,false,false,false,true,false,false,false,false,false,false,false,true,false,false,false,false
244,2015-11-03,Melbourne Cup Day             ,false,false,true,false,false,false,false,true,false,false,false,true,false,false,false,false,false,false
245,2015-12-25,Christmas Day                 ,true,true,true,true,true,true,true,true,true,true,true,true,true,true,true,true,true,true
246,2015-12-28,Boxing Day / Proclamation Day ,true,true,true,true,true,true,true,true,true,true,true,true,true,true,true,true,true,true
247,2016-01-01,New Year's Day                ,true,true,true,true,true,true,true,true,true,true,true,true,true,true,true,true,true,true
248,2016-01-26,Australia Day                 ,true,true,true,true,true,true,true,true,true,true,true,true,true,true,true,true,true,true
249,2016-02-08,Royal Hobart Regatta          ,false,false,false,false,false,true,false,false,false,false,false,false,false,true,false,false,false,false
299,2016-03-07,Labour Day                    ,false,false,false,false,false,false,false,false,false,false,false,false,false,false,false,false,true,false
250,2016-03-14,Eight Hours Day               ,false,false,false,false,false,true,false,false,false,false,false,false,false,true,false,false,false,false
251,2016-03-14,Adelaide Cup Day              ,false,false,false,true,false,false,false,false,true,false,false,false,false,false,true,false,false,false
252,2016-03-14,Labour Day                    ,false,false,true,false,false,false,false,true,false,false,false,true,false,false,false,false,false,false
253,2016-03-25,Good Friday                   ,true,true,true,true,true,true,true,true,true,true,true,true,true,true,true,true,true,true
254,2016-03-28,Easter Monday                 ,true,true,true,true,true,true,true,true,true,true,true,true,true,true,true,true,true,true
255,2016-04-25,ANZAC Day                     ,true,true,true,true,true,true,true,true,true,true,true,true,true,true,true,true,true,true
256,2016-05-02,Labour Day                    ,false,false,false,false,true,false,false,false,false,true,false,false,true,false,false,false,false,false
300,2016-06-06,Western Australia Day         ,false,false,false,false,false,false,false,false,false,false,false,false,false,false,false,false,true,false
257,2016-06-13,Queen's Birthday              ,true,true,true,true,false,true,true,true,true,false,true,true,true,true,true,true,true,true
306,2016-08-01,Picnic Day                    ,false,false,false,false,false,false,false,false,false,false,false,false,false,false,false,false,false,true
258,2016-08-17,Royal Queensland Show Day     ,false,false,false,false,true,false,false,false,false,true,false,false,true,false,false,false,false,false
301,2016-09-26,Queen's Birthday              ,false,false,false,false,false,false,false,false,false,false,false,false,false,false,false,false,true,false
297,2016-09-30,Grand Final Day Eve           ,false,false,true,false,false,false,false,false,false,false,false,true,false,false,false,false,false,false
259,2016-10-03,Labour Day                    ,false,true,false,true,false,false,true,false,true,false,true,false,false,false,true,false,false,false
260,2016-10-20,Royal Hobart Show             ,false,false,false,false,false,true,false,false,false,false,false,false,false,true,false,false,false,false
261,2016-11-01,Melbourne Cup Day             ,false,false,true,false,false,false,false,true,false,false,false,true,false,false,false,false,false,false
262,2016-12-26,Christmas Day                 ,true,true,true,true,true,true,true,true,true,true,true,true,true,true,true,true,true,true
263,2016-12-27,Boxing Day / Proclamation Day ,true,true,true,true,true,true,true,true,true,true,true,true,true,true,true,true,true,true
264,2017-01-02,New Year's Day                ,true,true,true,true,true,true,true,true,true,true,true,true,true,true,true,true,true,true
265,2017-01-26,Australia Day                 ,true,true,true,true,true,true,true,true,true,true,true,true,true,true,true,true,true,true
266,2017-02-13,Royal Hobart Regatta          ,false,false,false,false,false,true,false,false,false,false,false,false,false,true,false,false,false,false
267,2017-03-13,Eight Hours Day               ,false,false,false,false,false,true,false,false,false,false,false,false,false,true,false,false,false,false
268,2017-03-13,Adelaide Cup Day              ,false,false,false,true,false,false,false,false,true,false,false,false,false,false,true,false,false,false
269,2017-03-13,Labour Day                    ,false,false,true,false,false,false,false,true,false,false,false,true,false,false,false,false,false,false
270,2017-04-14,Good Friday                   ,true,true,true,true,true,true,true,true,true,true,true,true,true,true,true,true,true,true
271,2017-04-17,Easter Monday                 ,true,true,true,true,true,true,true,true,true,true,true,true,true,true,true,true,true,true
272,2017-04-25,ANZAC Day                     ,true,true,true,true,true,true,true,true,true,true,true,true,true,true,true,true,true,true
298,2017-05-01,Labour Day                    ,false,false,false,false,true,false,false,false,false,true,false,false,true,false,false,false,false,false
304,2017-06-05,Western Australia Day         ,false,false,false,false,false,false,false,false,false,false,false,false,false,false,false,false,true,false
273,2017-06-12,Queen's Birthday              ,false,true,true,true,false,true,true,true,true,true,true,true,false,true,true,false,false,false
307,2017-08-07,Picnic Day                    ,false,false,false,false,false,false,false,false,false,false,false,false,false,false,false,false,false,true
274,2017-08-16,Royal Queensland Show Day     ,false,false,false,false,true,false,false,false,false,true,false,false,true,false,false,false,false,false
303,2017-09-25,Queen's Birthday              ,false,false,false,false,false,false,false,false,false,false,false,false,false,false,false,false,true,false
309,2017-09-29,Grand Final Day Eve           ,false,false,true,false,false,false,false,false,false,false,false,true,false,false,false,false,false,false
275,2017-10-02,Labour Day                    ,false,true,false,true,false,false,true,false,true,false,true,false,false,false,true,false,false,false
276,2017-10-26,Royal Hobart Show             ,false,false,false,false,false,true,false,false,false,false,false,false,false,true,false,false,false,false
277,2017-11-07,Melbourne Cup Day             ,false,false,true,false,false,false,false,true,false,false,false,true,false,false,false,false,false,false
278,2017-12-25,Christmas Day                 ,true,true,true,true,true,true,true,true,true,true,true,true,true,true,true,true,true,true
279,2017-12-26,Boxing Day / Proclamation Day ,true,true,true,true,true,true,true,true,true,true,true,true,true,true,true,true,true,true
280,2018-01-01,New Year's Day                ,true,true,true,true,true,true,true,true,true,true,true,true,true,true,true,true,true,true
281,2018-01-26,Australia Day                 ,true,true,true,true,true,true,true,true,true,true,true,true,true,true,true,true,true,true
282,2018-02-12,Royal Hobart Regatta          ,false,false,false,false,false,true,false,false,false,false,false,false,false,true,false,false,false,false
345,2018-03-05,Labour Day                    ,false,false,false,false,false,false,false,false,false,false,false,false,false,false,false,false,true,false
283,2018-03-12,Eight Hours Day               ,false,false,false,false,false,true,false,false,false,false,false,false,false,true,false,false,false,false
284,2018-03-12,Adelaide Cup Day              ,false,false,false,true,false,false,false,false,true,false,false,false,false,false,true,false,false,false
285,2018-03-12,Labour Day                    ,false,false,true,false,false,false,false,true,false,false,false,true,false,false,false,false,false,false
342,2018-03-12,Canberra Day                  ,false,false,false,false,false,false,false,false,false,false,false,false,false,false,false,true,false,false
286,2018-03-30,Good Friday                   ,true,true,true,true,true,true,true,true,true,true,true,true,true,true,true,true,true,true
287,2018-04-02,Easter Monday                 ,true,true,true,true,true,true,true,true,true,true,true,true,true,true,true,true,true,true
288,2018-04-25,ANZAC Day                     ,true,true,true,true,true,true,true,true,true,true,true,true,true,true,true,true,true,true
311,2018-05-07,Labour Day                    ,false,false,false,false,true,false,false,false,false,true,false,false,true,false,false,false,false,false
350,2018-05-07,May Day                       ,false,false,false,false,false,false,false,false,false,false,false,false,false,false,false,false,false,true
302,2018-06-04,Western Australia Day         ,false,false,false,false,false,false,false,false,false,false,false,false,false,false,false,false,true,false
289,2018-06-11,Queen's Birthday              ,false,true,true,true,false,true,true,true,true,true,true,true,false,true,true,true,false,true
308,2018-08-06,Picnic Day                    ,false,false,false,false,false,false,false,false,false,false,false,false,false,false,false,false,false,true
290,2018-08-15,Royal Queensland Show Day     ,false,false,false,false,true,false,false,false,false,true,false,false,true,false,false,false,false,false
305,2018-09-24,Queen's Birthday              ,false,false,false,false,false,false,false,false,false,false,false,false,false,false,false,false,true,false
546,2018-09-28,Grand Final Day Eve           ,false,false,true,false,false,false,false,false,false,false,false,true,false,false,false,false,false,false
291,2018-10-01,Labour Day                    ,false,true,false,true,false,false,true,false,true,false,true,false,false,false,true,true,false,false
292,2018-10-25,Royal Hobart Show             ,false,false,false,false,false,true,false,false,false,false,false,false,false,true,false,false,false,false
293,2018-11-06,Melbourne Cup Day             ,false,false,true,false,false,false,false,true,false,false,false,true,false,false,false,false,false,false
294,2018-12-25,Christmas Day                 ,true,true,true,true,true,true,true,true,true,true,true,true,true,true,true,true,true,true
295,2018-12-26,Boxing Day / Proclamation Day ,true,true,true,true,true,true,true,true,true,true,true,true,true,true,true,true,true,true
312,2019-01-01,New Year's Day                ,true,true,true,true,true,true,true,true,true,true,true,true,true,true,true,true,true,true
313,2019-01-28,Australia Day                 ,true,true,true,true,true,true,true,true,true,true,true,true,true,true,true,true,true,true
338,2019-02-11,Royal Hobart Regatta          ,false,false,false,false,false,true,false,false,false,false,false,false,false,true,false,false,false,false
346,2019-03-04,Labour Day                    ,false,false,false,false,false,false,false,false,false,false,false,false,false,false,false,false,true,false
314,2019-03-11,Labour Day                    ,false,false,true,true,false,false,false,true,true,false,false,true,false,false,true,false,false,false
339,2019-03-11,Eight Hours Day               ,false,false,false,false,false,true,false,false,false,false,false,false,false,true,false,false,false,false
343,2019-03-11,Canberra Day                  ,false,false,false,false,false,false,false,false,false,false,false,false,false,false,false,true,false,false
315,2019-04-19,Good Friday                   ,true,true,true,true,true,true,true,true,true,true,true,true,true,true,true,true,true,true
316,2019-04-22,Easter Monday                 ,true,true,true,true,true,true,true,true,true,true,true,true,true,true,true,true,true,true
317,2019-04-25,Anzac Day                     ,true,true,true,true,true,true,true,true,true,true,true,true,true,true,true,true,true,true
341,2019-05-06,Labour Day                    ,false,false,false,false,true,false,false,false,false,true,false,false,true,false,false,false,false,false
351,2019-05-06,May Day                       ,false,false,false,false,false,false,false,false,false,false,false,false,false,false,false,false,false,true
318,2019-06-10,Queen's Birthday              ,false,true,true,true,false,true,true,true,true,false,true,true,false,true,true,true,false,true
352,2019-08-05,Picnic Day                    ,false,false,false,false,false,false,false,false,false,false,false,false,false,false,false,false,false,true
320,2019-08-14,Royal Queensland Show Day     ,false,false,false,false,true,false,false,false,false,true,false,false,true,false,false,false,false,false
548,2019-09-27,Grand Final Day Eve           ,false,false,true,false,false,false,false,false,false,false,false,true,false,false,false,false,false,false
347,2019-09-30,Queen's Birthday              ,false,false,false,false,false,false,false,false,false,false,false,false,false,false,false,false,true,false
321,2019-10-07,Labour Day                    ,false,true,false,true,false,false,true,false,true,false,true,false,false,false,true,true,false,false
565,2019-10-07,Queen's Birthday              ,false,false,false,false,true,false,false,false,false,true,false,false,true,false,false,false,false,false
340,2019-10-24,Royal Hobart Show             ,false,false,false,false,false,true,false,false,false,false,false,false,false,true,false,false,false,false
322,2019-11-05,Melbourne Cup Day             ,false,false,true,false,false,false,false,true,false,false,false,true,false,false,false,false,false,false
323,2019-12-25,Christmas Day                 ,true,true,true,true,true,true,true,true,true,true,true,true,true,true,true,true,true,true
324,2019-12-26,Boxing Day                    ,true,true,true,true,true,true,true,true,true,true,true,true,true,true,true,true,true,true
325,2020-01-01,New Year's Day                ,true,true,true,true,true,true,true,true,true,true,true,true,true,true,true,true,true,true
326,2020-01-27,Australia Day                 ,true,true,true,true,true,true,true,true,true,true,true,true,true,true,true,true,true,true
348,2020-03-02,Labour Day                    ,false,false,false,false,false,false,false,false,false,false,false,false,false,false,false,false,true,false
327,2020-03-09,Labour Day                    ,false,false,true,true,false,true,false,true,true,false,false,true,false,true,true,false,false,false
344,2020-03-09,Canberra Day                  ,false,false,false,false,false,false,false,false,false,false,false,false,false,false,false,true,false,false
328,2020-04-10,Good Friday                   ,true,true,true,true,true,true,true,true,true,true,true,true,true,true,true,true,true,true
329,2020-04-13,Easter Monday                 ,true,true,true,true,true,true,true,true,true,true,true,true,true,true,true,true,true,true
330,2020-04-25,Anzac Day                     ,true,true,true,true,true,true,true,true,true,true,true,true,true,true,true,true,true,true
332,2020-05-04,Labour Day                    ,false,false,false,false,true,false,false,false,false,true,false,false,true,false,false,false,false,false
353,2020-05-04,May Day                       ,false,false,false,false,false,false,false,false,false,false,false,false,false,false,false,false,false,true
331,2020-06-08,Queen's Birthday              ,false,true,true,true,false,true,true,true,true,false,true,true,false,true,true,true,false,true
354,2020-08-03,Picnic Day                    ,false,false,false,false,false,false,false,false,false,false,false,false,false,false,false,false,false,true
333,2020-08-12,Royal Queensland Show Day     ,false,false,false,false,true,false,false,false,false,true,false,false,true,false,false,false,false,false
349,2020-09-28,Queen's Birthday              ,false,false,false,false,false,false,false,false,false,false,false,false,false,false,false,false,true,false
334,2020-10-05,Labour Day                    ,false,true,false,true,false,false,true,false,true,false,true,false,false,false,true,true,false,false
566,2020-10-05,Queen's Birthday              ,false,false,false,false,true,false,false,false,false,true,false,false,true,false,false,false,false,false
549,2020-10-23,Grand Final Day Eve           ,false,false,true,false,false,false,false,false,false,false,false,true,false,false,false,false,false,false
335,2020-11-03,Melbourne Cup Day             ,false,false,true,false,false,false,false,true,false,false,false,true,false,false,false,false,false,false
336,2020-12-25,Christmas Day                 ,true,true,true,true,true,true,true,true,true,true,true,true,true,true,true,true,true,true
337,2020-12-28,Boxing Day                    ,true,true,true,true,true,false,true,true,true,true,true,true,true,true,true,true,true,true
355,2021-01-01,New Year's Day                ,true,true,true,true,true,true,true,true,true,true,true,true,true,true,true,true,true,true
356,2021-01-26,Australia Day                 ,true,true,true,true,true,true,true,true,true,true,true,true,true,true,true,true,true,true
359,2021-03-01,Labour Day                    ,false,false,false,false,false,false,false,false,false,false,false,false,false,false,false,false,true,false
360,2021-03-08,Labour Day                    ,false,false,true,false,false,true,false,true,false,false,false,true,false,true,false,false,false,false
361,2021-03-08,Canberra Day                  ,false,false,false,false,false,false,false,false,false,false,false,false,false,false,false,true,false,false
574,2021-03-08,Adelaide Cup Day              ,false,false,false,true,false,false,false,false,true,false,false,false,false,false,true,false,false,false
362,2021-04-02,Good Friday                   ,true,true,true,true,true,true,true,true,true,true,true,true,true,true,true,true,true,true
363,2021-04-05,Easter Monday                 ,true,true,true,true,true,true,true,true,true,true,true,true,true,true,true,true,true,true
364,2021-04-25,ANZAC Day                     ,true,true,true,true,true,true,true,true,true,true,true,true,true,true,true,true,true,true
365,2021-05-03,Labour Day                    ,false,false,false,false,true,false,false,false,false,true,false,false,true,false,false,false,false,false
366,2021-06-14,Queen's Birthday              ,true,true,true,true,false,true,true,true,true,false,true,true,false,true,true,true,false,true
368,2021-08-11,Royal Queensland Show Day     ,false,false,false,false,true,false,false,false,false,true,false,false,true,false,false,false,false,false
550,2021-09-24,Grand Final Day Eve           ,false,false,true,false,false,false,false,false,false,false,false,true,false,false,false,false,false,false
547,2021-09-27,Queens Birthday               ,false,false,false,false,false,false,false,false,false,false,false,false,false,false,false,false,false,false
369,2021-10-04,Labour Day                    ,false,true,false,true,false,false,true,false,true,false,true,false,false,false,true,true,false,false
567,2021-10-04,Queen's Birthday              ,false,false,false,false,true,false,false,false,false,true,false,false,true,false,false,false,false,false
370,2021-11-02,Melbourne Cup Day             ,false,false,true,false,false,false,false,true,false,false,false,true,false,false,false,false,false,false
371,2021-12-27,Christmas Day                 ,true,true,true,true,true,true,true,true,true,true,true,true,true,true,true,true,true,true
372,2021-12-28,Boxing Day                    ,true,true,true,true,true,true,true,true,true,true,true,true,true,true,true,true,true,true
373,2022-01-03,New Year's Day                ,true,true,true,true,true,true,true,true,true,true,true,true,true,true,true,true,true,true
374,2022-01-26,Australia Day                 ,true,true,true,true,true,true,true,true,true,true,true,true,true,true,true,true,true,true
376,2022-03-07,Labour Day                    ,false,false,false,false,false,false,false,false,false,false,false,false,false,false,false,false,true,false
377,2022-03-14,Labour Day                    ,false,false,true,false,false,true,false,true,false,false,false,true,false,true,false,false,false,false
379,2022-04-15,Good Friday                   ,true,true,true,true,true,true,true,true,true,true,true,true,true,true,true,true,true,true
380,2022-04-18,Easter Monday                 ,true,true,true,true,true,true,true,true,true,true,true,true,true,true,true,true,true,true
381,2022-04-25,ANZAC Day                     ,true,true,true,true,true,true,true,true,true,true,true,true,true,true,true,true,true,true
382,2022-05-02,Labour Day                    ,false,false,false,false,true,false,false,false,false,true,false,false,true,false,false,false,false,false
383,2022-06-13,Queens Birthday               ,true,true,true,true,false,true,true,true,true,false,true,true,false,true,true,true,false,true
384,2022-08-10,Royal Queensland Show Day     ,false,false,false,false,true,false,false,false,false,true,false,false,true,false,false,false,false,false
551,2022-09-30,Grand Final Day Eve           ,false,false,true,false,false,false,false,false,false,false,false,true,false,false,false,false,false,false
385,2022-10-03,Labour Day                    ,false,true,false,true,false,false,true,false,true,false,true,false,false,false,true,true,false,false
568,2022-10-03,Queen's Birthday              ,false,false,false,false,true,false,false,false,false,true,false,false,true,false,false,false,false,false
386,2022-11-01,Melbourne Cup Day             ,false,false,true,false,false,false,false,true,false,false,false,true,false,false,false,false,false,false
387,2022-12-26,Christmas Day                 ,true,true,true,true,true,true,true,true,true,true,true,true,true,true,true,true,true,true
388,2022-12-27,Boxing Day                    ,true,true,true,true,true,true,true,true,true,true,true,true,true,true,true,true,true,true
389,2023-01-02,New Year's Day                ,true,true,true,true,true,true,true,true,true,true,true,true,true,true,true,true,true,true
390,2023-01-26,Australia Day                 ,true,true,true,true,true,true,true,true,true,true,true,true,true,true,true,true,true,true
391,2023-03-06,Labour Day                    ,false,false,false,false,false,false,false,false,false,false,false,false,false,false,false,false,true,false
392,2023-03-13,Labour Day                    ,false,false,true,false,false,true,false,true,false,false,false,true,false,true,false,false,false,false
393,2023-04-07,Good Friday                   ,true,true,true,true,true,true,true,true,true,true,true,true,true,true,true,true,true,true
394,2023-04-10,Easter Monday                 ,true,true,true,true,true,true,true,true,true,true,true,true,true,true,true,true,true,true
395,2023-04-25, ANZAC Day                    ,true,true,true,true,true,true,true,true,true,true,true,true,true,true,true,true,true,true
396,2023-05-01,Labour Day                    ,false,false,false,false,true,false,false,false,false,true,false,false,true,false,false,false,false,false
397,2023-06-12,Queens Birthday               ,true,true,true,true,false,true,true,true,true,false,true,true,false,true,true,true,false,true
398,2023-08-09,Royal Queensland Show Day     ,false,false,false,false,true,false,false,false,false,true,false,false,true,false,false,false,false,false
552,2023-09-29,Grand Final Day Eve           ,false,false,true,false,false,false,false,false,false,false,false,true,false,false,false,false,false,false
400,2023-10-02,Labour Day                    ,false,true,false,true,false,false,true,false,true,false,true,false,false,false,true,true,false,false
569,2023-10-02,Queen's Birthday              ,false,false,false,false,true,false,false,false,false,true,false,false,true,false,false,false,false,false
399,2023-11-07,Melbourne Cup Day             ,false,false,true,false,false,false,false,true,false,false,false,true,false,false,false,false,false,false
401,2023-12-25,Christmas Day                 ,true,true,true,true,true,true,true,true,true,true,true,true,true,true,true,true,true,true
402,2023-12-26,Boxing Day                    ,true,true,true,true,true,true,true,true,true,true,true,true,true,true,true,true,true,true
403,2024-01-01,New Year's Day                ,true,true,true,true,true,true,true,true,true,true,true,true,true,true,true,true,true,true
404,2024-01-26,Australia Day                 ,true,true,true,true,true,true,true,true,true,true,true,true,true,true,true,true,true,true
405,2024-03-04,Labour Day                    ,false,false,false,false,false,false,false,false,false,false,false,false,false,false,false,false,true,false
406,2024-03-11,Labour Day                    ,false,false,true,false,false,true,false,true,false,false,false,true,false,true,false,false,false,false
407,2024-03-29,Good Friday                   ,true,true,true,true,true,true,true,true,true,true,true,true,true,true,true,true,true,true
408,2024-04-01,Easter Monday                 ,true,true,true,true,true,true,true,true,true,true,true,true,true,true,true,true,true,true
409,2024-04-25,ANZAC Day                     ,true,true,true,true,true,true,true,true,true,true,true,true,true,true,true,true,true,true
410,2024-05-06,Labour Day                    ,false,false,false,false,true,false,false,false,false,true,false,false,true,false,false,false,false,false
411,2024-06-10,Queens Birthday               ,true,true,true,true,false,true,true,true,true,false,true,true,false,true,true,true,false,true
412,2024-08-14,Royal Queensland Show Day     ,false,false,false,false,true,false,false,false,false,true,false,false,true,false,false,false,false,false
553,2024-09-27,Grand Final Day Eve           ,false,false,true,false,false,false,false,false,false,false,false,true,false,false,false,false,false,false
413,2024-10-07,Labour Day                    ,false,true,false,true,false,false,true,false,true,false,true,false,false,false,true,true,false,false
570,2024-10-07,Queen's Birthday              ,false,false,false,false,true,false,false,false,false,true,false,false,true,false,false,false,false,false
414,2024-11-05,Melbourne Cup Day             ,false,false,true,false,false,false,false,true,false,false,false,true,false,false,false,false,false,false
415,2024-12-25,Christmas Day                 ,true,true,true,true,true,true,true,true,true,true,true,true,true,true,true,true,true,true
416,2024-12-26,Boxing Day                    ,true,true,true,true,true,true,true,true,true,true,true,true,true,true,true,true,true,true
417,2025-01-01,New Year's Day                ,true,true,true,true,true,true,true,true,true,true,true,true,true,true,true,true,true,true
418,2025-01-27,Australia Day                 ,true,true,true,true,true,true,true,true,true,true,true,true,true,true,true,true,true,true
419,2025-03-03,Labour Day                    ,false,false,false,false,false,false,false,false,false,false,false,false,false,false,false,false,true,false
420,2025-03-10,Labour Day                    ,false,false,true,false,false,true,false,true,false,false,false,true,false,true,false,false,false,false
421,2025-04-18,Good Friday                   ,true,true,true,true,true,true,true,true,true,true,true,true,true,true,true,true,true,true
422,2025-04-21,Easter Monday                 ,true,true,true,true,true,true,true,true,true,true,true,true,true,true,true,true,true,true
423,2025-04-25,ANZAC Day                     ,true,true,true,true,true,true,true,true,true,true,true,true,true,true,true,true,true,true
424,2025-05-05,Labour Day                    ,false,false,false,false,true,false,false,false,false,true,false,false,true,false,false,false,false,false
425,2025-06-09,Queens Birthday               ,true,true,true,true,false,true,true,true,true,false,true,true,false,true,true,true,false,true
426,2025-08-13,Royal Queensland Show Day     ,false,false,false,false,true,false,false,false,false,true,false,false,true,false,false,false,false,false
554,2025-09-26,Grand Final Day Eve           ,false,false,true,false,false,false,false,false,false,false,false,true,false,false,false,false,false,false
427,2025-10-06,Labour Day                    ,false,true,false,true,false,false,true,false,true,false,true,false,false,false,true,true,false,false
571,2025-10-06,Queen's Birthday              ,false,false,false,false,true,false,false,false,false,true,false,false,true,false,false,false,false,false
428,2025-11-04,Melbourne Cup Day             ,false,false,true,false,false,false,false,true,false,false,false,true,false,false,false,false,false,false
429,2025-12-25,Christmas Day                 ,true,true,true,true,true,true,true,true,true,true,true,true,true,true,true,true,true,true
430,2025-12-26,Boxing Day                    ,true,true,true,true,true,true,true,true,true,true,true,true,true,true,true,true,true,true
431,2026-01-01,New Year's Day                ,true,true,true,true,true,true,true,true,true,true,true,true,true,true,true,true,true,true
432,2026-01-26,Australia Day                 ,true,true,true,true,true,true,true,true,true,true,true,true,true,true,true,true,true,true
433,2026-03-02,Labour Day                    ,false,false,false,false,false,false,false,false,false,false,false,false,false,false,false,false,true,false
434,2026-03-09,Labour Day                    ,false,false,true,false,false,true,false,true,false,false,false,true,false,true,false,false,false,false
435,2026-04-03,Good Friday                   ,true,true,true,true,true,true,true,true,true,true,true,true,true,true,true,true,true,true
436,2026-04-06,Easter Monday                 ,true,true,true,true,true,true,true,true,true,true,true,true,true,true,true,true,true,true
562,2026-04-25,ANZAC Day                     ,true,true,true,true,true,true,true,true,true,true,true,true,true,true,true,true,true,true
437,2026-04-27,ANZAC Day                     ,false,false,false,false,false,false,false,false,false,false,false,false,false,false,false,false,false,false
438,2026-05-04,Labour Day                    ,false,false,false,false,true,false,false,false,false,true,false,false,true,false,false,false,false,false
439,2026-06-08,Queens Birthday               ,true,true,true,true,false,true,true,true,true,false,true,true,false,true,true,true,false,true
440,2026-08-12,Royal Queensland Show Day     ,false,false,false,false,true,false,false,false,false,true,false,false,true,false,false,false,false,false
555,2026-09-25,Grand Final Day Eve           ,false,false,true,false,false,false,false,false,false,false,false,true,false,false,false,false,false,false
441,2026-10-05,Labour Day                    ,false,true,false,true,false,false,true,false,true,false,true,false,false,false,true,true,false,false
572,2026-10-05,Queen's Birthday              ,false,false,false,false,false,false,false,false,false,false,false,false,false,false,false,false,false,false
442,2026-11-03,Melbourne Cup Day             ,false,false,true,false,false,false,false,true,false,false,false,true,false,false,false,false,false,false
443,2026-12-25,Christmas Day                 ,true,true,true,true,true,true,true,true,true,true,true,true,true,true,true,true,true,true
444,2026-12-28,Boxing Day                    ,true,true,true,true,true,true,true,true,true,true,true,true,true,true,true,true,true,true
445,2027-01-01,New Year's Day                ,true,true,true,true,true,true,true,true,true,true,true,true,true,true,true,true,true,true
446,2027-01-26,Australia Day                 ,true,true,true,true,true,true,true,true,true,true,true,true,true,true,true,true,true,true
447,2027-03-01,Labour Day                    ,false,false,false,false,false,false,false,false,false,false,false,false,false,false,false,false,true,false
448,2027-03-08,Labour Day                    ,false,false,true,false,false,true,false,true,false,false,false,true,false,true,false,false,false,false
449,2027-03-26,Good Friday                   ,true,true,true,true,true,true,true,true,true,true,true,true,true,true,true,true,true,true
450,2027-03-29,Easter Monday                 ,true,true,true,true,true,true,true,true,true,true,true,true,true,true,true,true,true,true
563,2027-04-25,ANZAC Day                     ,true,true,true,true,true,true,true,true,true,true,true,true,true,true,true,true,true,true
451,2027-04-26,ANZAC Day                     ,false,false,false,false,false,false,false,false,false,false,false,false,false,false,false,false,false,false
452,2027-05-03,Labour Day                    ,false,false,false,false,true,false,false,false,false,true,false,false,true,false,false,false,false,false
453,2027-06-14,Queens Birthday               ,true,true,true,true,false,true,true,true,true,false,true,true,false,true,true,true,false,true
454,2027-08-11,Royal Queensland Show Day     ,false,false,false,false,true,false,false,false,false,true,false,false,true,false,false,false,false,false
556,2027-09-24,Grand Final Day Eve           ,false,false,true,false,false,false,false,false,false,false,false,true,false,false,false,false,false,false
455,2027-10-04,Labour Day                    ,false,true,false,true,false,false,true,false,true,false,true,false,false,false,true,true,false,false
573,2027-10-04,Queen's Birthday              ,false,false,false,false,false,false,false,false,false,false,false,false,false,false,false,false,false,false
456,2027-11-02,Melbourne Cup Day             ,false,false,true,false,false,false,false,true,false,false,false,true,false,false,false,false,false,false
457,2027-12-27,Christmas Day                 ,true,true,true,true,true,true,true,true,true,true,true,true,true,true,true,true,true,true
458,2027-12-28,Boxing Day                    ,true,true,true,true,true,true,true,true,true,true,true,true,true,true,true,true,true,true
459,2028-01-03,New Year's Day                ,true,true,true,true,true,true,true,true,true,true,true,true,true,true,true,true,true,true
460,2028-01-26,Australia Day                 ,true,true,true,true,true,true,true,true,true,true,true,true,true,true,true,true,true,true
461,2028-03-06,Labour Day                    ,false,false,false,false,false,false,false,false,false,false,false,false,false,false,false,false,true,false
462,2028-03-13,Labour Day                    ,false,false,true,false,false,true,false,true,false,false,false,true,false,true,false,false,false,false
464,2028-04-14,Good Friday                   ,true,true,true,true,true,true,true,true,true,true,true,true,true,true,true,true,true,true
465,2028-04-17,Easter Monday                 ,true,true,true,true,true,true,true,true,true,true,true,true,true,true,true,true,true,true
466,2028-04-25,ANZAC Day                     ,true,true,true,true,true,true,true,true,true,true,true,true,true,true,true,true,true,true
467,2028-05-01,Labour Day                    ,false,false,false,false,true,false,false,false,false,true,false,false,true,false,false,false,false,false
468,2028-06-12,Queens Birthday               ,true,true,true,true,false,true,true,true,true,false,true,true,false,true,true,true,false,true
469,2028-08-09,Royal Queensland Show Day     ,false,false,false,false,true,false,false,false,false,true,false,false,true,false,false,false,false,false
557,2028-09-29,Grand Final Day Eve           ,false,false,true,false,false,false,false,false,false,false,false,true,false,false,false,false,false,false
470,2028-10-02,Labour Day                    ,false,true,false,true,false,false,true,false,true,false,true,false,false,false,true,true,false,false
471,2028-11-07,Melbourne Cup Day             ,false,false,true,false,false,false,false,true,false,false,false,true,false,false,false,false,false,false
472,2028-12-25,Christmas Day                 ,true,true,true,true,true,true,true,true,true,true,true,true,true,true,true,true,true,true
473,2028-12-26,Boxing Day                    ,true,true,true,true,true,true,true,true,true,true,true,true,true,true,true,true,true,true
474,2029-01-01,New Year's Day                ,true,true,true,true,true,true,true,true,true,true,true,true,true,true,true,true,true,true
475,2029-01-26,Australia Day                 ,true,true,true,true,true,true,true,true,true,true,true,true,true,true,true,true,true,true
476,2029-03-05,Labour Day                    ,false,false,false,false,false,false,false,false,false,false,false,false,false,false,false,false,true,false
477,2029-03-12,Labour Day                    ,false,false,true,false,false,true,false,true,false,false,false,true,false,true,false,false,false,false
478,2029-03-30,Good Friday                   ,true,true,true,true,true,true,true,true,true,true,true,true,true,true,true,true,true,true
479,2029-04-02,Easter Monday                 ,true,true,true,true,true,true,true,true,true,true,true,true,true,true,true,true,true,true
480,2029-04-25,ANZAC Day                     ,true,true,true,true,true,true,true,true,true,true,true,true,true,true,true,true,true,true
586,2029-05-07,Labour Day                    ,false,false,false,false,true,false,false,false,false,true,false,false,true,false,false,false,false,false
481,2029-05-09,Labour Day                    ,false,false,false,false,false,false,false,false,false,false,false,false,false,false,false,false,false,false
482,2029-06-11,Queens Birthday               ,true,true,true,true,false,true,true,true,true,false,true,true,false,true,true,true,false,true
483,2029-08-08,Royal Queensland Show Day     ,false,false,false,false,true,false,false,false,false,true,false,false,true,false,false,false,false,false
558,2029-09-28,Grand Final Day Eve           ,false,false,true,false,false,false,false,false,false,false,false,true,false,false,false,false,false,false
484,2029-10-01,Labour Day                    ,false,true,false,true,false,false,true,false,true,false,true,false,false,false,true,true,false,false
485,2029-11-06,Melbourne Cup Day             ,false,false,true,false,false,false,false,true,false,false,false,true,false,false,false,false,false,false
486,2029-12-25,Christmas Day                 ,true,true,true,true,true,true,true,true,true,true,true,true,true,true,true,true,true,true
487,2029-12-26,Boxing Day                    ,true,true,true,true,true,true,true,true,true,true,true,true,true,true,true,true,true,true
488,2030-01-01,New Year's Day                ,true,true,true,true,true,true,true,true,true,true,true,true,true,true,true,true,true,true
564,2030-01-27,Australia Day                 ,false,false,false,false,false,false,false,false,false,false,false,false,false,false,false,false,false,false
489,2030-01-28,Australia Day                 ,true,true,true,true,true,true,true,true,true,true,true,true,true,true,true,true,true,true
491,2030-03-04,Labour Day                    ,false,false,false,false,false,false,false,false,false,false,false,false,false,false,false,false,true,false
492,2030-03-11,Labour Day                    ,false,false,true,false,false,true,false,true,false,false,false,true,false,true,false,false,false,false
493,2030-04-19,Good Friday                   ,true,true,true,true,true,true,true,true,true,true,true,true,true,true,true,true,true,true
495,2030-04-22,Easter Monday                 ,true,true,true,true,true,true,true,true,true,true,true,true,true,true,true,true,true,true
496,2030-04-25,ANZAC Day                     ,true,true,true,true,true,true,true,true,true,true,true,true,true,true,true,true,true,true
497,2030-05-06,Labour Day                    ,false,false,false,false,true,false,false,false,false,true,false,false,true,false,false,false,false,false
498,2030-06-10,Queens Birthday               ,true,true,true,true,false,true,true,true,true,false,true,true,false,true,true,true,false,true
499,2030-08-14,Royal Queensland Show Day     ,false,false,false,false,true,false,false,false,false,true,false,false,true,false,false,false,false,false
559,2030-09-27,Grand Final Day Eve           ,false,false,true,false,false,false,false,false,false,false,false,true,false,false,false,false,false,false
500,2030-10-07,Labour Day                    ,false,true,false,true,false,false,true,false,true,false,true,false,false,false,true,true,false,false
501,2030-11-05,Melbourne Cup Day             ,false,false,true,false,false,false,false,true,false,false,false,true,false,false,false,false,false,false
502,2030-12-25,Christmas Day                 ,true,true,true,true,true,true,true,true,true,true,true,true,true,true,true,true,true,true
503,2030-12-26,Boxing Day                    ,true,true,true,true,true,true,true,true,true,true,true,true,true,true,true,true,true,true
504,2031-01-01,New Year's Day                ,,true,true,,true,true,,,,,,,,false,,,,
505,2031-01-27,Australia Day                 ,,true,true,,true,true,,,,,,,,false,,,,
506,2031-03-03,Labour Day                    ,,false,false,,false,false,,,,,,,,false,,,,
507,2031-03-10,Labour Day                    ,,false,true,,false,true,,,,,,,,false,,,,
508,2031-04-11,Good Friday                   ,,true,true,,true,true,,,,,,,,false,,,,
509,2031-04-14,Easter Monday                 ,,true,true,,true,true,,,,,,,,false,,,,
510,2031-04-25,ANZAC Day                     ,,true,true,,true,true,,,,,,,,false,,,,
511,2031-05-05,Labour Day                    ,,false,false,,true,false,,,,,,,,false,,,,
512,2031-06-09,Queens Birthday               ,,true,true,,false,true,,,,,,,,false,,,,
513,2031-08-13,Royal Queensland Show Day     ,,false,false,,true,false,,,,,,,,false,,,,
560,2031-09-26,Grand Final Day Eve           ,false,false,true,false,false,false,,,,,false,true,false,false,false,false,false,false
514,2031-10-06,Labour Day                    ,,true,false,,true,false,,,,,,,,false,,,,
515,2031-11-04,Melbourne Cup Day             ,,false,true,,false,true,,,,,,,,false,,,,
516,2031-12-25,Christmas Day                 ,,true,true,,true,true,,,,,,,,false,,,,
517,2031-12-26,Boxing Day                    ,,true,true,,true,true,,,,,,,,false,,,,
518,2032-01-01,New Year's Day                ,,true,true,,true,true,,,,,,,,false,,,,
519,2032-01-26,Australia Day                 ,,true,true,,true,true,,,,,,,,false,,,,
520,2032-03-01,Labour Day                    ,,false,false,,false,false,,,,,,,,false,,,,
521,2032-03-08,Labour Day                    ,,false,true,,false,true,,,,,,,,false,,,,
522,2032-03-26,Good Friday                   ,,true,true,,true,true,,,,,,,,false,,,,
523,2032-03-29,Easter Monday                 ,,true,true,,true,true,,,,,,,,false,,,,
524,2032-04-26,ANZAC Day                     ,,true,true,,true,true,,,,,,,,false,,,,
525,2032-05-03,Labour Day                    ,,false,false,,true,false,,,,,,,,false,,,,
526,2032-06-14,Queens Birthday               ,,true,true,,false,true,,,,,,,,false,,,,
527,2032-08-11,Royal Queensland Show Day     ,,false,false,,true,false,,,,,,,,false,,,,
561,2032-09-24,Grand Final Day Eve           ,false,false,true,false,false,false,,,,,false,true,false,false,false,false,false,false
528,2032-10-04,Labour Day                    ,,true,false,,true,false,,,,,,,,false,,,,
529,2032-11-02,Melbourne Cup Day             ,,false,true,,false,true,,,,,,,,false,,,,
530,2032-12-27,Christmas Day                 ,,true,true,,true,true,,,,,,,,false,,,,
531,2032-12-28,Boxing Day                    ,,true,true,,true,true,,,,,,,,false,,,,
532,2033-01-03,New Year's Day                ,,true,true,,true,true,,,,,,,,false,,,,
533,2033-01-26,Australia Day                 ,,true,true,,true,true,,,,,,,,false,,,,
534,2033-03-07,Labour Day                    ,,false,false,,false,false,,,,,,,,false,,,,
535,2033-03-14,Labour Day                    ,,false,true,,false,true,,,,,,,,false,,,,
536,2033-04-15,Good Friday                   ,,true,true,,true,true,,,,,,,,false,,,,
537,2033-04-18,Easter Monday                 ,,true,true,,true,true,,,,,,,,false,,,,
538,2033-04-25,ANZAC Day                     ,,true,true,,true,true,,,,,,,,false,,,,
539,2033-05-02,Labour Day                    ,,false,false,,true,false,,,,,,,,false,,,,
540,2033-06-13,Queens Birthday               ,,true,true,,false,true,,,,,,,,false,,,,
541,2033-08-10,Royal Queensland Show Day     ,,false,false,,true,false,,,,,,,,false,,,,
542,2033-10-03,Labour Day                    ,,true,false,,true,false,,,,,,,,false,,,,
543,2033-11-01,Melbourne Cup Day             ,,false,true,,false,true,,,,,,,,false,,,,
544,2033-12-26,Boxing Day                    ,,true,true,,true,true,,,,,,,,false,,,,
545,2033-12-27,Christmas Day                 ,,true,true,,true,true,,,,,,,,false,,,,
